categoria,nombre,descripcion,precio,disponible,destacado
Hamb. Carne,La Cuaima,"120grs de carne, lechuga, tomate, papas hilo y salsas básicas.",6.2,si,
Hamb. Carne,La Chama,"120grs de carne, lechuga, tomate, papas hilo, salsas básicas, facilita Kraft y tocineta.",8.8,si,
Hamb. Carne,La Morena,"120grs de carne, lechuga, tomate, papas hilo, salsas básicas, facilitas Kraft, tocineta, coronada con un tequeyoyo.",10.1,si,
Hamb. Pollo,La Sifrina,"120grs de pollo, lechuga, tomate, papas hilo y salsas básicas.",5.2,si,
Hamb. Pollo,La Catira,"120grs de pollo, lechuga, tomate, papas hilo, salsas básicas, facilita Kraft y tocineta.",7.8,si,
Hamb. Pollo,La Mamasita,"120grs de pollo krispy, lechuga, tomate, papas hilo, salsas básicas, facilita Kraft y tocineta.",8.1,si,
Hamb. Pollo,La Empoderada,"200grs de pechuga krispy, lechuga, tomate, papas hilo, salsas básicas, facilita Kraft y tocineta.",9.6,si,
Hamb. Pollo,La Queen,"200grs de pechuga krispy, lechuga, tomate, papas hilo, salsas básicas, facilita Kraft y tocineta coronada con un tequeyoyo.",11,si,
Súper Hamburguesas,La Diva,"240grs de pollo, lechuga, tomate, papas hilo y salsas básicas.",7.8,si,
Súper Hamburguesas,La Caballota,"240grs de pollo, lechuga, tomate, papas hilo, salsas básicas, facilita Kraft y tocineta.",10.4,si,
Súper Hamburguesas,La Pana,"240grs de carne, lechuga, tomate, papas hilo y salsas básicas.",9.7,si,
Súper Hamburguesas,La Potra,"240grs de carne, lechuga, tomate, papas hilo, salsas básicas, facilita Kraft y tocineta.",10.4,si,
Súper Hamburguesas,La Tóxica,"120grs de carne, 120grs de pollo, lechuga, tomate, papas hilo, salsas básicas, facilita Kraft y tocineta.",11.4,si,
Súper Hamburguesas,La Bandida,"120grs de carne, 120grs de pollo, lechuga, tomate, papas hilo, salsas básicas, huevo, facilita Kraft y tocineta.",11.8,si,
Hamb. Gourmets,La Sugar,"120grs de carne, lechuga, tomate, papas hilo, salsas básicas, chutney de piña, facilita Kraft y tocineta.",10.4,si,
Hamb. Gourmets,La Mommy,"120grs de carne, lechuga, tomate, papas hilo, salsas básicas, queso crema con tocineta caramelizada y facilita Kraft.",10.4,si,
Perritos,El Mártir,"Salchicha wiener, ensalada, cebolla, papas hilo, queso amarillo y salsas básicas.",2.6,si,
Perritos,El Chamo,"Salchicha wiener, ensalada, cebolla, papas hilo, queso amarillo, facilita Kraft, tocineta y salsas básicas.",4.9,si,
Perritos,El Azteca,"Salchicha wiener, ensalada, cebolla, papas hilo, queso amarillo, maíz y salsas básicas.",3.4,si,
Perritos,El Polonés,"Salchicha polaca, ensalada, cebolla, papas hilo, queso amarillo y salsas básicas.",4.4,si,
Perritos,El Germano,"Salchicha alemana, ensalada, cebolla, papas hilo, queso amarillo y salsas básicas.",4.4,si,
Perritos,Lleve,"Chorifrito, ensalada, cebolla, papas hilo, queso amarillo y salsas básicas.",4.4,si,
Promos,Promo 1,1 Cuaima + 2 Mártir + Refresco 1L,13.99,si,
Promos,Promo 2,1 Sifrina + 2 Mártir + Refresco 1L,11.99,si,
Promos,Promo 3,1 Mamasita + 1 Chama + Refresco 1L,17.99,si,
Promos,Promo 4,2 Lleve + Bombonita,8.99,si,
Promos,Promo 5,2 Mártir + Bombonita,5.99,si,
Promos,Promo 6,2 Mártir + Malta (Sólo para comer en el establecimiento),5.99,si,
Promos,Promo 7,1 Chama + 1 Catira + Refresco 1L,17.99,si,
Promos,Promo 8,2 Cuaima + Refresco 1L,13.99,si,
Promos,Promo 9,2 Lleve + Malta (Sólo para comer en el establecimiento),8.99,si,
Papas,Clasiquitas,"300 grs de papas francesas, salchichas Wiener y salsas básicas.",5.2,si,
Papas,Quesua,"300 grs de papas francesas, salchichas Wiener, maíz, queso amarillo y salsas básicas.",6.9,si,
Papas,Chorreada,"300 grs de papas francesas, queso fundido, tocineta y topping de cebollín.",8.5,si,
Pepitos,Pepito,"Pan de orégano tostado con ajo, 300grs de proteína, queso amarillo, tocineta, maíz, lechuga, tomate, papas hilo, salsas básicas.",15.5,si,
Sanguches,El Club de la Casa,"Sándwich estilo club house con jamón, queso, huevo, lechuga, tomate, salsas básicas, 150 grs de proteína (carne, pollo o krispy) + 200 grs de papas francesas.",13.5,si,
Sanguches,El Campesino,"Sándwich estilo granjero con queso Kraft, tocineta, lechuga, tomate, pepinillo, salsa tártara + 200grs de pechuga krispy.",12.5,si,
Raciones & Extras,Tequeños (5 unidades),5 deliciosas unidades de tequeños.,3,si,
Raciones & Extras,Tender + Papas Fritas,Tenders de pollo acompañados con papas fritas.,4.5,si,
Raciones & Extras,Tequeyoyo,Tequeyoyo tradicional.,1.5,si,
Raciones & Extras,Papas Fritas,Ración adicional de papas fritas.,1,si,
Raciones & Extras,Extra de Carne,Porción adicional de carne.,3,si,
Raciones & Extras,Extra de Pollo,Porción adicional de pollo.,2,si,
Raciones & Extras,Extra de Krispy,Porción adicional de pollo krispy.,2.5,si,
Raciones & Extras,Huevo,Adicional de huevo.,1,si,
Raciones & Extras,Extra de Facilita,Adicional de queso Kraft facilita.,1,si,
Raciones & Extras,Extra de Tocineta,Porción adicional de tocineta.,1.4,si,
Raciones & Extras,Salchicha,Adicional de salchicha.,0.8,si,
Ensaladas,César Pollo,"200grs de pollo a la plancha, lechuga, crutones, tocineta, aderezo césar.",10,si,
Ensaladas,César Krispy,"200grs de pollo krispy, lechuga, crutones, tocineta, aderezo césar.",11,si,
Para tomar,Refresco 355ml,Refresco individual de 355ml.,1.2,si,
Para tomar,Refresco 1Lt,Refresco de 1 litro.,2,si,
Para tomar,Refresco 2Lt,Refresco de 2 litros.,3.5,si,
Para tomar,Malta,Malta fría.,1.2,si,
Para tomar,Agua,Agua embotellada.,1,si,
Para tomar,Té,Té frío.,2.5,si,
